Луна,Луна,0,,"- дать себе отдохнуть
- побыть в кругу близких
- взять паузу в делах","- тревожиться по пустякам
- переживать за близких"
Луна,Луна,60,,"- заниматься домашними делами
- заботиться о близких
- обустраивать дом, рабочее место","- проявлять гиперопеку
- эмоционально реагировать на слова"
Луна,Луна,120,,"- заниматься домашними делами
- заботиться о близких
- обустраивать дом, рабочее место","- проявлять гиперопеку
- эмоционально реагировать на слова"
Луна,Луна,90,,"- получить поддержку близких
- отслеживать свое настроение
- взять паузу от бытовых забот","- поддаваться унынию
- принимать слова близко к сердцу"
Луна,Луна,180,,"- получить поддержку близких
- отслеживать свое настроение
- взять паузу от бытовых забот","- поддаваться унынию
- принимать слова близко к сердцу"
Луна,Солнце,0,,"- уделить внимание детям
- принимать важные решения
- выступать, проявляться","- вести себя эгоистично
- избегать лидерства, конкуренции"
Луна,Солнце,60,,"- уделить внимание детям
- принимать важные решения
- выступать, проявляться","- вести себя эгоистично
- избегать лидерства, конкуренции"
Луна,Солнце,120,,"- уделить внимание детям
- принимать важные решения
- выступать, проявляться","- вести себя эгоистично
- избегать лидерства, конкуренции"
Луна,Солнце,90,,"- опираться на свои лучшие стороны
- прокачивать самооценку
- отстаивать личные границы","- терять уверенность
- принимать важные решения"
Луна,Солнце,180,,"- опираться на свои лучшие стороны
- прокачивать самооценку
- отстаивать личные границы","- терять уверенность
- принимать важные решения"
Луна,Меркурий,0,,"- знакомиться, налаживать связи
- работать с документами
- общаться, перемещаться","- тратить время на пустые разговоры
- давать пустые обещания"
Луна,Меркурий,60,,"- знакомиться, налаживать связи
- работать с документами
- общаться, перемещаться","- тратить время на пустые разговоры
- давать пустые обещания"
Луна,Меркурий,120,,"- знакомиться, налаживать связи
- работать с документами
- общаться, перемещаться","- тратить время на пустые разговоры
- давать пустые обещания"
Луна,Меркурий,90,,"- читать книги
- отдохнуть от новостей и информационного шума
- проверять билеты/документы/справки","- оформлять справки, документы
- проводить важные переговоры"
Луна,Меркурий,180,,"- читать книги
- отдохнуть от новостей и информационного шума
- проверять билеты/документы/справки","- оформлять справки, документы
- проводить важные переговоры"
Луна,Венера,0,,"- посещать салоны красоты, парикмахерские
- совершать покупки
- делать массаж, уходовые процедуры","- налегать на сладкое
- лениться и отлынивать от дел"
Луна,Венера,60,,"- посещать салоны красоты, парикмахерские
- совершать покупки
- делать массаж, уходовые процедуры","- налегать на сладкое
- лениться и отлынивать от дел"
Луна,Венера,120,,"- посещать салоны красоты, парикмахерские
- совершать покупки
- делать массаж, уходовые процедуры","- налегать на сладкое
- лениться и отлынивать от дел"
Луна,Венера,90,,"- садиться на диету
- избавиться от лишних вещей
- начать вести бюджет расходов и доходов","- заедать стресс
- совершать дорогостоящие покупки "
Луна,Венера,180,,"- садиться на диету
- избавиться от лишних вещей
- начать вести бюджет расходов и доходов","- заедать стресс
- совершать дорогостоящие покупки "
Луна,Марс,0,,"- начинать тренировки
- завоевывать противоположный пол
- участвовать в соревнованиях","- проявлять несдержанность
- конфликтовать с близкими"
Луна,Марс,60,,"- начинать тренировки
- завоевывать противоположный пол
- участвовать в соревнованиях","- проявлять несдержанность
- конфликтовать с близкими"
Луна,Марс,120,,"- начинать тренировки
- завоевывать противоположный пол
- участвовать в соревнованиях","- проявлять несдержанность
- конфликтовать с близкими"
Луна,Марс,90,,"- пропустить тренировку
- тренировать терпение, выносливость
- оказаться в конкурентной среде","- ходить раздражительным
- излишне усердствовать в спортзале"
Луна,Марс,180,,"- пропустить тренировку
- тренировать терпение, выносливость
- оказаться в конкурентной среде","- ходить раздражительным
- излишне усердствовать в спортзале"
Луна,Юпитер,0,,"- приглашать гостей
- собирать друзей
- организовывать людей, проводить совещания
","- переоценивать свои возможности
- терять чувство меры, контроль"
Луна,Юпитер,60,,"- приглашать гостей
- собирать друзей
- организовывать людей, проводить совещания
","- переоценивать свои возможности
- терять чувство меры, контроль"
Луна,Юпитер,120,,"- приглашать гостей
- собирать друзей
- организовывать людей, проводить совещания
","- переоценивать свои возможности
- терять чувство меры, контроль"
Луна,Юпитер,90,,"- работать в уединении
- организовывать мероприятия
- собирать людей в команду","- ссориться с родными, коллегами, друзьями
- проходить собеседования"
Луна,Юпитер,180,,"- работать в уединении
- организовывать мероприятия
- собирать людей в команду","- ссориться с родными, коллегами, друзьями
- проходить собеседования"
Луна,Сатурн,0,,"- демонстрировать профессионализм
- получать повышение
- заниматься планированием","- быть жестким с близкими
- отвлекаться на семью, отдых"
Луна,Сатурн,60,,"- демонстрировать профессионализм
- получать повышение
- заниматься планированием","- быть жестким с близкими
- отвлекаться на семью, отдых"
Луна,Сатурн,120,,"- демонстрировать профессионализм
- получать повышение
- заниматься планированием","- быть жестким с близкими
- отвлекаться на семью, отдых"
Луна,Сатурн,90,,"- наводить порядок в делах, планах, бумагах, дома
- делать растяжку
- завершать дела, подводить итоги","- обращаться в инстанции, к начальству
- напрягать костный аппарат, поясницу"
Луна,Сатурн,180,,"- наводить порядок в делах, планах, бумагах, дома
- делать растяжку
- завершать дела, подводить итоги","- обращаться в инстанции, к начальству
- напрягать костный аппарат, поясницу"
Луна,Уран,0,,"- отправляться в путешествие
- начинать длительное обучение
- переезжать","- превышать скорость на дорогах
- суетиться, делать много дел одновременно"
Луна,Уран,60,,"- отправляться в путешествие
- начинать длительное обучение
- переезжать","- превышать скорость на дорогах
- суетиться, делать много дел одновременно"
Луна,Уран,120,,"- отправляться в путешествие
- начинать длительное обучение
- переезжать","- превышать скорость на дорогах
- суетиться, делать много дел одновременно"
Луна,Уран,90,,"- делать перестановку (дома, в делах, в отношениях)
- менять привычный образ жизни
- расширять кругозор","- столкнуться с потерей данных, поломкой техники
- отправляться в длительную поездку"
Луна,Уран,180,,"- делать перестановку (дома, в делах, в отношениях)
- менять привычный образ жизни
- расширять кругозор","- столкнуться с потерей данных, поломкой техники
- отправляться в длительную поездку"
Луна,Нептун,0,,"- составлять карту желаний
- получать желаемое
- наращивать финансы","- изменять
- злоупотреблять алкоголем, снотворным"
Луна,Нептун,60,,"- составлять карту желаний
- получать желаемое
- наращивать финансы","- изменять
- злоупотреблять алкоголем, снотворным"
Луна,Нептун,120,,"- составлять карту желаний
- получать желаемое
- наращивать финансы","- изменять
- злоупотреблять алкоголем, снотворным"
Луна,Нептун,90,,"- работать с психологом
- платить штрафы, налоги
- заниматься творчеством","- попадать в зависимость
- вкладывать деньги, брать кредиты"
Луна,Нептун,180,,"- работать с психологом
- платить штрафы, налоги
- заниматься творчеством","- попадать в зависимость
- вкладывать деньги, брать кредиты"
Луна,Плутон,0,,"- ходить на свидания
- начать совместный бизнес
- заключать деловой союз","- продавливать свою волю
- действовать в одиночку"
Луна,Плутон,60,,"- ходить на свидания
- начать совместный бизнес
- заключать деловой союз","- продавливать свою волю
- действовать в одиночку"
Луна,Плутон,120,,"- ходить на свидания
- начать совместный бизнес
- заключать деловой союз","- продавливать свою волю
- действовать в одиночку"
Луна,Плутон,90,,"- заботиться о других
- решать судебные вопросы
- искать компромиссы","- обвинять партнера
- устраивать свидания"
Луна,Плутон,180,,"- заботиться о других
- решать судебные вопросы
- искать компромиссы","- обвинять партнера
- устраивать свидания"
Луна,Эрида,0,,"- проходить медицинские обследования
- находить помощника
- заказывать витамины, косметику","- критиковать себя и окружающих
- перегружать себя работой"
Луна,Эрида,60,,"- проходить медицинские обследования
- находить помощника
- заказывать витамины, косметику","- критиковать себя и окружающих
- перегружать себя работой"
Луна,Эрида,120,,"- проходить медицинские обследования
- находить помощника
- заказывать витамины, косметику","- критиковать себя и окружающих
- перегружать себя работой"
Луна,Эрида,90,,"- отдавать технику в ремонт
- заботиться о здоровье
- приглашать клининг","- опаздывать
- заболевать"
Луна,Эрида,180,,"- отдавать технику в ремонт
- заботиться о здоровье
- приглашать клининг","- опаздывать
- заболевать"
Солнце,Солнце,0,"Сегодня Ваш астрологический день рождения! Тонус может быть снижен. Не нагружайте себя трудоемкими задачами. Сконцентрируйтесь на том, что Вам нравится. Подумайте и запишите цели на год.",,
Солнце,Солнце,60,"Удачный день для проявления Ваших лидерских качеств, раскрытия талантов и творческих способностей. Можно получить признание и поддержку влиятельных лиц. Планируйте дела, где нужно проявить харизму и профессионализм. Участвуйте в конкурсах.",,
Солнце,Солнце,120,"Удачный день для проявления Ваших лидерских качеств, раскрытия талантов и творческих способностей. Можно получить признание и поддержку влиятельных лиц. Планируйте дела, где нужно проявить харизму и профессионализм. Участвуйте в конкурсах.",,
Солнце,Солнце,90,"Сегодня лучше не проявлять себя активно, не лезть на рожон. Важно беречь свое здоровье, не переутомляться. Неблагоприятно занимать эгоистичную позицию. Можно получить удар по самолюбию или потерять чувство уверенности. ",,
Солнце,Солнце,180,"Сегодня лучше не проявлять себя активно, не лезть на рожон. Важно беречь свое здоровье, не переутомляться. Неблагоприятно занимать эгоистичную позицию. Можно получить удар по самолюбию или потерять чувство уверенности. ",,
Солнце,Луна,0,"Благоприятный во всех отношениях день! Можно уделить внимание семье и близким, укреплять партнерскую сферу, позаботиться о детях, родителях или взять выходной.",,
Солнце,Луна,60,"Благоприятный во всех отношениях день! Можно уделить внимание семье и близким, укреплять партнерскую сферу, позаботиться о детях, родителях или взять выходной.",,
Солнце,Луна,120,"Благоприятный во всех отношениях день! Можно уделить внимание семье и близким, укреплять партнерскую сферу, позаботиться о детях, родителях или взять выходной.",,
Солнце,Луна,90,"Эмоциональный фон будет нестабильный, возможны перепады настроения. Важно сохранять душевное равновесие и не огорчаться по пустякам. Берегите отношения, не допускайте конфликтов в семье.",,
Солнце,Луна,180,"Эмоциональный фон будет нестабильный, возможны перепады настроения. Важно сохранять душевное равновесие и не огорчаться по пустякам. Берегите отношения, не допускайте конфликтов в семье.",,
Солнце,Меркурий,0,"Хороший день для обучения, поездок, работы с документами, переговоров, интеллектуальной деятельности. Благоприятно знакомиться, рекламироваться,  налаживать связи, подписывать договора, начинать коммерческую деятельность.",,
Солнце,Меркурий,60,"Хороший день для обучения, поездок, работы с документами, переговоров, интеллектуальной деятельности. Благоприятно знакомиться, рекламироваться,  налаживать связи, подписывать договора, начинать коммерческую деятельность.",,
Солнце,Меркурий,120,"Хороший день для обучения, поездок, работы с документами, переговоров, интеллектуальной деятельности. Благоприятно знакомиться, рекламироваться,  налаживать связи, подписывать договора, начинать коммерческую деятельность.",,
Солнце,Меркурий,90,"Не рекомендуется заниматься сложным умственным трудом, вероятны ситуации ошибок, описок. Необходимо проявить внимательность на экзаменах, за рулем. Стоит отложить важные переговоры.",,
Солнце,Меркурий,180,"Не рекомендуется заниматься сложным умственным трудом, вероятны ситуации ошибок, описок. Необходимо проявить внимательность на экзаменах, за рулем. Стоит отложить важные переговоры.",,
Солнце,Венера,0,"Благоприятно совершать покупки, дарить и получать подарки, комплименты, посещать рестораны, организовывать свидания. Хороший день для получения прибыли, эффективных продаж, заключения выгодных сделок, уходовых процедур. ",,
Солнце,Венера,60,"Благоприятно совершать покупки, дарить и получать подарки, комплименты, посещать рестораны, организовывать свидания. Хороший день для получения прибыли, эффективных продаж, заключения выгодных сделок, уходовых процедур. ",,
Солнце,Венера,120,"Благоприятно совершать покупки, дарить и получать подарки, комплименты, посещать рестораны, организовывать свидания. Хороший день для получения прибыли, эффективных продаж, заключения выгодных сделок, уходовых процедур. ",,
Солнце,Венера,90,"Не самый удачный день для шопинга, увеличения стоимости своих услуг, затрат на удовольствия. Свидание может быть омрачено денежными спорами, невкусной едой. Возрастает избирательность, придирчивость, потребность в комфорте и жадность.",,
Солнце,Венера,180,"Не самый удачный день для шопинга, увеличения стоимости своих услуг, затрат на удовольствия. Свидание может быть омрачено денежными спорами, невкусной едой. Возрастает избирательность, придирчивость, потребность в комфорте и жадность.",,
Солнце,Марс,0,"Хорошо инициировать любые дела, начинать тренировочный процесс, участвовать в соревнованиях, конкурсах. Можно проявлять смелость, решительность, браться за все дела, которые давно откладывали. Удачно для старта нового дела.",,
Солнце,Марс,60,"Хорошо инициировать любые дела, начинать тренировочный процесс, участвовать в соревнованиях, конкурсах. Можно проявлять смелость, решительность, браться за все дела, которые давно откладывали. Удачно для старта нового дела.",,
Солнце,Марс,120,"Хорошо инициировать любые дела, начинать тренировочный процесс, участвовать в соревнованиях, конкурсах. Можно проявлять смелость, решительность, браться за все дела, которые давно откладывали. Удачно для старта нового дела.",,
Солнце,Марс,90,"День повышенной раздражительности, конфликтности. Стоит аккуратно обращаться с огнем, острыми предметами. Лучше не пропускать тренировку. Конкурентная борьба и желание кому-то что-то доказать будут отнимать много сил.",,
Солнце,Марс,180,"День повышенной раздражительности, конфликтности. Стоит аккуратно обращаться с огнем, острыми предметами. Лучше не пропускать тренировку. Конкурентная борьба и желание кому-то что-то доказать будут отнимать много сил.",,
Солнце,Юпитер,0,"Планируйте участие в семинарах, тренингах личностного роста, нетворкинге. Благоприятно посещать фестивали, концерты, проводить торжества, свадьбы, детские праздники. Можно создавать творческий коллектив, собирать команду, встречаться с интересными людьми.",,
Солнце,Юпитер,60,"Планируйте участие в семинарах, тренингах личностного роста, нетворкинге. Благоприятно посещать фестивали, концерты, проводить торжества, свадьбы, детские праздники. Можно создавать творческий коллектив, собирать команду, встречаться с интересными людьми.",,
Солнце,Юпитер,120,"Планируйте участие в семинарах, тренингах личностного роста, нетворкинге. Благоприятно посещать фестивали, концерты, проводить торжества, свадьбы, детские праздники. Можно создавать творческий коллектив, собирать команду, встречаться с интересными людьми.",,
Солнце,Юпитер,90,"Неудачный день для коллективной деятельности, командной работы, детских мероприятий, общения с родственниками, коллегами, друзьями. Сегодня легко можно потерять уважение, подорвать авторитет. ",,
Солнце,Юпитер,180,"Неудачный день для коллективной деятельности, командной работы, детских мероприятий, общения с родственниками, коллегами, друзьями. Сегодня легко можно потерять уважение, подорвать авторитет. ",,
Солнце,Сатурн,0,"Планируйте обращение к начальству, поход в инстанции. Можно начинать сложный проект, брать на себя дополнительную ответственность. Стоит проявить профессионализм и получить повышение. Благоприятный день для взаимодействия с чиновниками, властными людьми, родителями.",,
Солнце,Сатурн,60,"Планируйте обращение к начальству, поход в инстанции. Можно начинать сложный проект, брать на себя дополнительную ответственность. Стоит проявить профессионализм и получить повышение. Благоприятный день для взаимодействия с чиновниками, властными людьми, родителями.",,
Солнце,Сатурн,120,"Планируйте обращение к начальству, поход в инстанции. Можно начинать сложный проект, брать на себя дополнительную ответственность. Стоит проявить профессионализм и получить повышение. Благоприятный день для взаимодействия с чиновниками, властными людьми, родителями.",,
Солнце,Сатурн,90,"Сегодня в зоне риска суставы, кости, позвоночник, зубы. Важно не халтурить, выполнять свою работу качественно и в срок. Можно получить выговор или отказ, столкнуться с помехами в работе. Не рекомендуется обращаться за разрешениями, лицензиями, открывать ИП.",,
Солнце,Сатурн,180,"Сегодня в зоне риска суставы, кости, позвоночник, зубы. Важно не халтурить, выполнять свою работу качественно и в срок. Можно получить выговор или отказ, столкнуться с помехами в работе. Не рекомендуется обращаться за разрешениями, лицензиями, открывать ИП.",,
Солнце,Уран,0,"Хороший день для различных активностей, выступлений, поездок, начала отпуска. Можно обращаться за консультацией, получать важный совет, наставлять и просвещать других. Благоприятно масштабно заявлять о себе, создавать блог, пиариться в СМИ.",,
Солнце,Уран,60,"Хороший день для различных активностей, выступлений, поездок, начала отпуска. Можно обращаться за консультацией, получать важный совет, наставлять и просвещать других. Благоприятно масштабно заявлять о себе, создавать блог, пиариться в СМИ.",,
Солнце,Уран,120,"Хороший день для различных активностей, выступлений, поездок, начала отпуска. Можно обращаться за консультацией, получать важный совет, наставлять и просвещать других. Благоприятно масштабно заявлять о себе, создавать блог, пиариться в СМИ.",,
Солнце,Уран,90,"Будьте готовы к неожиданностям и форс-мажорам. Имейте про запас план Б, аккуратно ездите за рулем, не превышайте скорость.",,
Солнце,Уран,180,"Будьте готовы к неожиданностям и форс-мажорам. Имейте про запас план Б, аккуратно ездите за рулем, не превышайте скорость.",,
Солнце,Нептун,0,"Благоприятно помогать другим деньгами, задуматься о вложениях и инвестициях, гасить досрочно кредиты и долги. Можно перераспределять прибыль, инициировать оптовые продажи, привлекать денежные средства спонсоров. Усиливается магнетизм и сексуальность.",,
Солнце,Нептун,60,"Благоприятно помогать другим деньгами, задуматься о вложениях и инвестициях, гасить досрочно кредиты и долги. Можно перераспределять прибыль, инициировать оптовые продажи, привлекать денежные средства спонсоров. Усиливается магнетизм и сексуальность.",,
Солнце,Нептун,120,"Благоприятно помогать другим деньгами, задуматься о вложениях и инвестициях, гасить досрочно кредиты и долги. Можно перераспределять прибыль, инициировать оптовые продажи, привлекать денежные средства спонсоров. Усиливается магнетизм и сексуальность.",,
Солнце,Нептун,90,"Нежелательно злоупотреблять алкоголем, возвращаться к вредным привычкам, одалживать деньги или брать в долг. Сохраняйте концентрацию внимания за рулем, не расслабляйтесь раньше времени.",,
Солнце,Нептун,180,"Нежелательно злоупотреблять алкоголем, возвращаться к вредным привычкам, одалживать деньги или брать в долг. Сохраняйте концентрацию внимания за рулем, не расслабляйтесь раньше времени.",,
Солнце,Плутон,0,"Удачный день для заключения союза, брачного или партнерства. Благоприятно укреплять связи, подписывать договора, решать конфликты мирным путем, сотрудничать и получать юридические консультации.",,
Солнце,Плутон,60,"Удачный день для заключения союза, брачного или партнерства. Благоприятно укреплять связи, подписывать договора, решать конфликты мирным путем, сотрудничать и получать юридические консультации.",,
Солнце,Плутон,120,"Удачный день для заключения союза, брачного или партнерства. Благоприятно укреплять связи, подписывать договора, решать конфликты мирным путем, сотрудничать и получать юридические консультации.",,
Солнце,Плутон,90,"Не планируйте романтические свидания, подписание важных деловых соглашений, брачных контрактов. Договориться может быть непросто. Возможны конфликты и взаимные обвинения в партнерской и деловой сфере.",,
Солнце,Плутон,180,"Не планируйте романтические свидания, подписание важных деловых соглашений, брачных контрактов. Договориться может быть непросто. Возможны конфликты и взаимные обвинения в партнерской и деловой сфере.",,
Солнце,Эрида,0,"Хороший день проявить свои профессиональные навыки, показать мастерство, ответственность. Благоприятно помогать другим. Важно уделить внимание своему здоровью.",,
Солнце,Эрида,60,"Хороший день проявить свои профессиональные навыки, показать мастерство, ответственность. Благоприятно помогать другим. Важно уделить внимание своему здоровью.",,
Солнце,Эрида,120,"Хороший день проявить свои профессиональные навыки, показать мастерство, ответственность. Благоприятно помогать другим. Важно уделить внимание своему здоровью.",,
Солнце,Эрида,90,"Сегодня легко допустить ошибку в документах, отчетах. Сохраняйте концентрацию внимания и не перегружайте себя задачами.",,
Солнце,Эрида,180,"Сегодня легко допустить ошибку в документах, отчетах. Сохраняйте концентрацию внимания и не перегружайте себя задачами.",,
Меркурий,Меркурий,0,"День прихода важной информации. Можно получить ответы на наболевшие вопросы. Наблюдайте за знаками, символами, людьми. День может пройти суетливо и бестолково",,
Меркурий,Меркурий,60,"Усиливаются интеллектуальные и коммуникативные способности. Рекомендуется проводить встречи, знакомиться, совершать обзвоны, отправляться в поездки, создавать контент, заниматься логистикой, оформлять доставку, проходить обучение, собеседования, работать с документами, текстами",,
Меркурий,Меркурий,120,"Усиливаются интеллектуальные и коммуникативные способности. Рекомендуется проводить встречи, знакомиться, совершать обзвоны, отправляться в поездки, создавать контент, заниматься логистикой, оформлять доставку, проходить обучение, собеседования, работать с документами, текстами",,
Меркурий,Меркурий,90,"Повышается вероятность сделать ошибку на экзаменах, в текстах, при подписании важных документов. Ухудшается взаимопонимание. Неудачный период для коммерческих сделок, новых знакомств, старта обучения",,
Меркурий,Меркурий,180,"Повышается вероятность сделать ошибку на экзаменах, в текстах, при подписании важных документов. Ухудшается взаимопонимание. Неудачный период для коммерческих сделок, новых знакомств, старта обучения",,
Меркурий,Луна,0,"Получение приятных известий, встречи с друзьями и родственниками, общение в близком кругу и душевные разговоры. Хороший день для переезда, поиска жилья, помещения для бизнеса.",,
Меркурий,Луна,60,"Получение приятных известий, встречи с друзьями и родственниками, общение в близком кругу и душевные разговоры. Хороший день для переезда, поиска жилья, помещения для бизнеса.",,
Меркурий,Луна,120,"Получение приятных известий, встречи с друзьями и родственниками, общение в близком кругу и душевные разговоры. Хороший день для переезда, поиска жилья, помещения для бизнеса.",,
Меркурий,Луна,90,"Сегодня нервозность может быть повышена. Лучше не участвовать в публичных выступлениях, не проходить собеседования. Возможно получение негативной информации, тревога и беспокойство на душе. Сохраняйте режим сна, чтобы не беспокоила бессонница",,
Меркурий,Луна,180,"Сегодня нервозность может быть повышена. Лучше не участвовать в публичных выступлениях, не проходить собеседования. Возможно получение негативной информации, тревога и беспокойство на душе. Сохраняйте режим сна, чтобы не беспокоила бессонница",,
Меркурий,Солнце,0,"Удачный день для общения, налаживания связей, прохождения собеседований, тестов. Может прийти важная информация, позвонить нужный человек. Благоприятно принимать деловые предложения, знакомиться, вести переговоры, выступать с докладом, начинать рекламную кампанию, регистрироваться в соцсетях.",,
Меркурий,Солнце,60,"Удачный день для общения, налаживания связей, прохождения собеседований, тестов. Может прийти важная информация, позвонить нужный человек. Благоприятно принимать деловые предложения, знакомиться, вести переговоры, выступать с докладом, начинать рекламную кампанию, регистрироваться в соцсетях.",,
Меркурий,Солнце,120,"Удачный день для общения, налаживания связей, прохождения собеседований, тестов. Может прийти важная информация, позвонить нужный человек. Благоприятно принимать деловые предложения, знакомиться, вести переговоры, выступать с докладом, начинать рекламную кампанию, регистрироваться в соцсетях.",,
Меркурий,Солнце,90,"Суета и легкомыслие могут привести к неприятностям. Лучше отложить собеседования, сдачу экзаменов, выступления, участие в творческих проектах, важные переговоры. Имейте запас по времени, чтобы никуда не опоздать.",,
Меркурий,Солнце,180,"Суета и легкомыслие могут привести к неприятностям. Лучше отложить собеседования, сдачу экзаменов, выступления, участие в творческих проектах, важные переговоры. Имейте запас по времени, чтобы никуда не опоздать.",,
Меркурий,Венера,0,"Благоприятный день для легкого и приятного времяпрепровождения, общения в кругу друзей, встреч в ресторане. Можно выбирать и дарить подарки, совершать покупки, знакомиться, ходить на свидания, заключать выгодные сделки.",,
Меркурий,Венера,60,"Благоприятный день для легкого и приятного времяпрепровождения, общения в кругу друзей, встреч в ресторане. Можно выбирать и дарить подарки, совершать покупки, знакомиться, ходить на свидания, заключать выгодные сделки.",,
Меркурий,Венера,120,"Благоприятный день для легкого и приятного времяпрепровождения, общения в кругу друзей, встреч в ресторане. Можно выбирать и дарить подарки, совершать покупки, знакомиться, ходить на свидания, заключать выгодные сделки.",,
Меркурий,Венера,90,"Неподходящий день для покупок и праздного времяпрепровождения. Лучше заняться расходами, прояснить ситуацию с деньгами. Не рекомендуется заключать коммерческие сделки, совершать закупку материалов, подписывать деловые соглашения. Встречи могут переноситься, а записи отменяться.",,
Меркурий,Венера,180,"Неподходящий день для покупок и праздного времяпрепровождения. Лучше заняться расходами, прояснить ситуацию с деньгами. Не рекомендуется заключать коммерческие сделки, совершать закупку материалов, подписывать деловые соглашения. Встречи могут переноситься, а записи отменяться.",,
Меркурий,Марс,0,"Активный день для занятий спортом, прогулок на свежем воздухе, участия в велозабеге, начала пробежек. Не стоит сидеть дома, лучше решить много мелких задач и переделать дела. Отличный день для новых деловых и личных знакомств. Повышается ловкость, приходят новые идеи. ",,
Меркурий,Марс,60,"Активный день для занятий спортом, прогулок на свежем воздухе, участия в велозабеге, начала пробежек. Не стоит сидеть дома, лучше решить много мелких задач и переделать дела. Отличный день для новых деловых и личных знакомств. Повышается ловкость, приходят новые идеи. ",,
Меркурий,Марс,120,"Активный день для занятий спортом, прогулок на свежем воздухе, участия в велозабеге, начала пробежек. Не стоит сидеть дома, лучше решить много мелких задач и переделать дела. Отличный день для новых деловых и личных знакомств. Повышается ловкость, приходят новые идеи. ",,
Меркурий,Марс,90,"Сегодня могут возникнуть конфликтные ситуации и споры в коллективе, в кругу близких, среди друзей. Важно успеть подумать, прежде чем отвечать. . Не стоит начинать тренировки на свежем воздухе, давать себе интенсивную кардионагрузку. Многие моменты сегодня будут раздражать. ",,
Меркурий,Марс,180,"Сегодня могут возникнуть конфликтные ситуации и споры в коллективе, в кругу близких, среди друзей. Важно успеть подумать, прежде чем отвечать. . Не стоит начинать тренировки на свежем воздухе, давать себе интенсивную кардионагрузку. Многие моменты сегодня будут раздражать. ",,
Меркурий,Юпитер,0,"Отличный  день для ведения соцсетей, старта прогревов, привлечения внимания подписчиков и клиентов. Показана социальная активность, нетворкинги, общение в группах и чатах. Можно назначать важные встречи, организовывать конференции, собирать друзей. Благоприятно сдавать экзамены, проходить групповое обучение, собеседования.",,
Меркурий,Юпитер,60,"Отличный  день для ведения соцсетей, старта прогревов, привлечения внимания подписчиков и клиентов. Показана социальная активность, нетворкинги, общение в группах и чатах. Можно назначать важные встречи, организовывать конференции, собирать друзей. Благоприятно сдавать экзамены, проходить групповое обучение, собеседования.",,
Меркурий,Юпитер,120,"Отличный  день для ведения соцсетей, старта прогревов, привлечения внимания подписчиков и клиентов. Показана социальная активность, нетворкинги, общение в группах и чатах. Можно назначать важные встречи, организовывать конференции, собирать друзей. Благоприятно сдавать экзамены, проходить групповое обучение, собеседования.",,
Меркурий,Юпитер,90,"Усиливается конфликтный фон, важно избегать перепалок в соцсетях и чатах. Сложно организовать мероприятие на таком аспекте. Слухи и сплетни могут подорвать нашу репутацию. Неудачный день для групповых встреч, учебных мероприятий. Возрастает критика в наш адрес. ",,
Меркурий,Юпитер,180,"Усиливается конфликтный фон, важно избегать перепалок в соцсетях и чатах. Сложно организовать мероприятие на таком аспекте. Слухи и сплетни могут подорвать нашу репутацию. Неудачный день для групповых встреч, учебных мероприятий. Возрастает критика в наш адрес. ",,
Меркурий,Сатурн,0,"Удачный день для прохождения собеседований, получения деловых предложений, участия в совещаниях и планерках. Будьте открыты к предложениям и новым идеям, не отказывайтесь от деловых поездок. Фиксируйте планы на бумаге и прописывайте сроки выполнения задач. Хороший, продуктивный период.",,
Меркурий,Сатурн,60,"Удачный день для прохождения собеседований, получения деловых предложений, участия в совещаниях и планерках. Будьте открыты к предложениям и новым идеям, не отказывайтесь от деловых поездок. Фиксируйте планы на бумаге и прописывайте сроки выполнения задач. Хороший, продуктивный период.",,
Меркурий,Сатурн,120,"Удачный день для прохождения собеседований, получения деловых предложений, участия в совещаниях и планерках. Будьте открыты к предложениям и новым идеям, не отказывайтесь от деловых поездок. Фиксируйте планы на бумаге и прописывайте сроки выполнения задач. Хороший, продуктивный период.",,
Меркурий,Сатурн,90,"Неудачное время для стажировок, собеседований, набора сотрудников и поиска помощника. Много мелких задач, которые могут отвлекать от главного. Сконцентрируйтесь на работе, уменьшите инфопоток, соблюдайте сроки выполнения задач, исключите отвлекающие факторы. Могут возникнуть рабочие накладки.",,
Меркурий,Сатурн,180,"Неудачное время для стажировок, собеседований, набора сотрудников и поиска помощника. Много мелких задач, которые могут отвлекать от главного. Сконцентрируйтесь на работе, уменьшите инфопоток, соблюдайте сроки выполнения задач, исключите отвлекающие факторы. Могут возникнуть рабочие накладки.",,
Меркурий,Уран,0,"Гармоничный день для старта обучения и сдачи экзаменов. Можно отправляться в дорогу, выстраивать маршруты, мониторить путевки. Подходящий день для регистрации блога, активности в соцсетях, проведения эфиров, старта наставничества. ",,
Меркурий,Уран,60,"Гармоничный день для старта обучения и сдачи экзаменов. Можно отправляться в дорогу, выстраивать маршруты, мониторить путевки. Подходящий день для регистрации блога, активности в соцсетях, проведения эфиров, старта наставничества. ",,
Меркурий,Уран,120,"Гармоничный день для старта обучения и сдачи экзаменов. Можно отправляться в дорогу, выстраивать маршруты, мониторить путевки. Подходящий день для регистрации блога, активности в соцсетях, проведения эфиров, старта наставничества. ",,
Меркурий,Уран,90,"Напряженный день с точки зрения сбоев в работе гаджетов, поломки техники, задержек в работе транспорта. Поспешные решения могут привести к неудачам. Не стоит раздавать пустые обещания, навязывать другим свою точку зрения.",,
Меркурий,Уран,180,"Напряженный день с точки зрения сбоев в работе гаджетов, поломки техники, задержек в работе транспорта. Поспешные решения могут привести к неудачам. Не стоит раздавать пустые обещания, навязывать другим свою точку зрения.",,
Меркурий,Нептун,0,"Удачный день для сделок, продаж, получения выгоды, поиска инвестиций, запуска воронок, финансовых спекуляций. Внимательно отнеситесь к поступающей информации и знакомствам - в дальнейшем можно будет извлечь выгоду. Благоприятно подписывать кредитные договора, завязывать знакомства для наслаждений.",,
Меркурий,Нептун,60,"Удачный день для сделок, продаж, получения выгоды, поиска инвестиций, запуска воронок, финансовых спекуляций. Внимательно отнеситесь к поступающей информации и знакомствам - в дальнейшем можно будет извлечь выгоду. Благоприятно подписывать кредитные договора, завязывать знакомства для наслаждений.",,
Меркурий,Нептун,120,"Удачный день для сделок, продаж, получения выгоды, поиска инвестиций, запуска воронок, финансовых спекуляций. Внимательно отнеситесь к поступающей информации и знакомствам - в дальнейшем можно будет извлечь выгоду. Благоприятно подписывать кредитные договора, завязывать знакомства для наслаждений.",,
Меркурий,Нептун,90,"Тщательно проверяйте поступающую информацию, не доверяйте слишком выгодным предложениям. В такой день может всплыть наружу то, что скрывалось. Не рекомендуется подписывать кредитные договора, давать финансовые обещания. Будьте внимательны, чтобы не потерять деньги, не стать жертвой обмана, не получить штраф.",,
Меркурий,Нептун,180,"Тщательно проверяйте поступающую информацию, не доверяйте слишком выгодным предложениям. В такой день может всплыть наружу то, что скрывалось. Не рекомендуется подписывать кредитные договора, давать финансовые обещания. Будьте внимательны, чтобы не потерять деньги, не стать жертвой обмана, не получить штраф.",,
Меркурий,Плутон,0,"Удачный день отправиться на свидание, встретиться с деловыми партнерами, подписывать соглашения, налаживать отношения, заключать перемирие. Можно обращаться в суды, социальные органы, подавать заявления, получать выписки. Благоприятно регистрироваться на сайте знакомств, вступать в переписку, назначать встречи.",,
Меркурий,Плутон,60,"Удачный день отправиться на свидание, встретиться с деловыми партнерами, подписывать соглашения, налаживать отношения, заключать перемирие. Можно обращаться в суды, социальные органы, подавать заявления, получать выписки. Благоприятно регистрироваться на сайте знакомств, вступать в переписку, назначать встречи.",,
Меркурий,Плутон,120,"Удачный день отправиться на свидание, встретиться с деловыми партнерами, подписывать соглашения, налаживать отношения, заключать перемирие. Можно обращаться в суды, социальные органы, подавать заявления, получать выписки. Благоприятно регистрироваться на сайте знакомств, вступать в переписку, назначать встречи.",,
Меркурий,Плутон,90,"Сегодня неподходящий день для делового сотрудничества. Вторая сторона может подвести, нарушить сроки, не выполнить обязательства. Лучше перенести свидание (если идете впервые), отменить подписание важных договоров. Конфликтный фон повышается, лучше воздержаться от споров. ",,
Меркурий,Плутон,180,"Сегодня неподходящий день для делового сотрудничества. Вторая сторона может подвести, нарушить сроки, не выполнить обязательства. Лучше перенести свидание (если идете впервые), отменить подписание важных договоров. Конфликтный фон повышается, лучше воздержаться от споров. ",,
Меркурий,Эрида,0,"Отличный день уделить внимание здоровью, пройти обследование, сдать анализы, получить справки и медицинские выписки. Хорошо работать с документами, базами данных. Можно выходить на работу, браться за сложный отчет, садиться за курсовую.",,
Меркурий,Эрида,60,"Отличный день уделить внимание здоровью, пройти обследование, сдать анализы, получить справки и медицинские выписки. Хорошо работать с документами, базами данных. Можно выходить на работу, браться за сложный отчет, садиться за курсовую.",,
Меркурий,Эрида,120,"Отличный день уделить внимание здоровью, пройти обследование, сдать анализы, получить справки и медицинские выписки. Хорошо работать с документами, базами данных. Можно выходить на работу, браться за сложный отчет, садиться за курсовую.",,
Меркурий,Эрида,90,"Неподходящий день для сдачи анализов, прохождения медицинских обследований. Из-за внешних раздражителей может быть сложно сосредоточиться и придерживаться плана работы. Проверяйте входящую информацию, если работаете с цифрами и данными.",,
Меркурий,Эрида,180,"Неподходящий день для сдачи анализов, прохождения медицинских обследований. Из-за внешних раздражителей может быть сложно сосредоточиться и придерживаться плана работы. Проверяйте входящую информацию, если работаете с цифрами и данными.",,
Венера,Венера,0,"Сегодня может быть повышено внутреннее недовольство: все не то и все не так. Можно порадовать себя чем-то вкусным и приятным, провести день более праздно. Если общение с женщинами будет напрягать, перенесите важные встречи, покупки и деловые сделки на другой день.",,
Венера,Венера,60,"Гармоничный день для приятного времяпрепровождения: покупок, примерок, посещения ресторанов, театров, кино. Хорошо заниматься продажами, получать и дарить подарки, получать выплаты, снимать прибыль, посещать салоны красоты и парикмахерские.",,
Венера,Венера,120,"Гармоничный день для приятного времяпрепровождения: покупок, примерок, посещения ресторанов, театров, кино. Хорошо заниматься продажами, получать и дарить подарки, получать выплаты, снимать прибыль, посещать салоны красоты и парикмахерские.",,
Венера,Венера,90,"Сегодня можно превысить лимит трат, столкнуться с денежными потерями или низким качеством обслуживания. Не рекомендуется конфликтовать с властными женщинами, совершать крупные приобретения, заказывать дизайн, упаковку, оформление.",,
Венера,Венера,180,"Сегодня можно превысить лимит трат, столкнуться с денежными потерями или низким качеством обслуживания. Не рекомендуется конфликтовать с властными женщинами, совершать крупные приобретения, заказывать дизайн, упаковку, оформление.",,
Венера,Луна,0,"Благоприятный день для встреч с друзьями, подругами, посещения ресторанов, закупки продуктов, свежих продуктов с рынка. Можно украшать дом, заказывать мебель, кухню, текстиль, заниматься цветами, рассадой. Отличный день для расслабления в салоне красоты и отдыха дома.",,
Венера,Луна,60,"Благоприятный день для встреч с друзьями, подругами, посещения ресторанов, закупки продуктов, свежих продуктов с рынка. Можно украшать дом, заказывать мебель, кухню, текстиль, заниматься цветами, рассадой. Отличный день для расслабления в салоне красоты и отдыха дома.",,
Венера,Луна,120,"Благоприятный день для встреч с друзьями, подругами, посещения ресторанов, закупки продуктов, свежих продуктов с рынка. Можно украшать дом, заказывать мебель, кухню, текстиль, заниматься цветами, рассадой. Отличный день для расслабления в салоне красоты и отдыха дома.",,
Венера,Луна,90,"Неудачный день для женского здоровья, старта диеты. Могут беспокоить желудок, система пищеварения. Важно следить за питанием, избегать голода. Нежелательно посещать салоны красоты, играть свадьбу. Могут возрасти расходы на семью, детей, родителей. ",,
Венера,Луна,180,"Неудачный день для женского здоровья, старта диеты. Могут беспокоить желудок, система пищеварения. Важно следить за питанием, избегать голода. Нежелательно посещать салоны красоты, играть свадьбу. Могут возрасти расходы на семью, детей, родителей. ",,
Венера,Солнце,0,"Благоприятный день для свиданий, романтических встреч, творческих занятий. Можно совершать дорогие покупки, приобретать украшения, брендовые вещи. Подходящий день для выступлений, праздников, торжеств и светских мероприятий. Рекомендуется заниматься презентацией своих товаров, заказывать визитки, оформление и упаковку.",,
Венера,Солнце,60,"Благоприятный день для свиданий, романтических встреч, творческих занятий. Можно совершать дорогие покупки, приобретать украшения, брендовые вещи. Подходящий день для выступлений, праздников, торжеств и светских мероприятий. Рекомендуется заниматься презентацией своих товаров, заказывать визитки, оформление и упаковку.",,
Венера,Солнце,120,"Благоприятный день для свиданий, романтических встреч, творческих занятий. Можно совершать дорогие покупки, приобретать украшения, брендовые вещи. Подходящий день для выступлений, праздников, торжеств и светских мероприятий. Рекомендуется заниматься презентацией своих товаров, заказывать визитки, оформление и упаковку.",,
Венера,Солнце,90,"Лучше отложить заключение сделок, открытие магазина, шоу-рума, собственного бизнеса. Возможны излишние расходы и неудовлетворенность от качества услуг. Перенесите важные дела и свидания на другой день. ",,
Венера,Солнце,180,"Лучше отложить заключение сделок, открытие магазина, шоу-рума, собственного бизнеса. Возможны излишние расходы и неудовлетворенность от качества услуг. Перенесите важные дела и свидания на другой день. ",,
Венера,Меркурий,0,"Сегодня можно завязать выгодные знакомства, найти товар со скидкой, получить привлекательное предложение. Подходящий день для приобретения билетов, путевок, учебных материалов, подписания деловых соглашений. Запланируйте встречи с друзьями, короткие поездки, деловые встречи.",,
Венера,Меркурий,60,"Сегодня можно завязать выгодные знакомства, найти товар со скидкой, получить привлекательное предложение. Подходящий день для приобретения билетов, путевок, учебных материалов, подписания деловых соглашений. Запланируйте встречи с друзьями, короткие поездки, деловые встречи.",,
Венера,Меркурий,120,"Сегодня можно завязать выгодные знакомства, найти товар со скидкой, получить привлекательное предложение. Подходящий день для приобретения билетов, путевок, учебных материалов, подписания деловых соглашений. Запланируйте встречи с друзьями, короткие поездки, деловые встречи.",,
Венера,Меркурий,90,"Сегодня может возникнуть недопонимание при общении с коллегами и друзьями. Могут возникнуть неожиданные поездки, влекущие за собой излишние расходы. Нежелательно соглашаться на сделки, назначать старт продаж, привлекать нового сотрудника. Избегайте недовольства заказчиков и клиентов. ",,
Венера,Меркурий,180,"Сегодня может возникнуть недопонимание при общении с коллегами и друзьями. Могут возникнуть неожиданные поездки, влекущие за собой излишние расходы. Нежелательно соглашаться на сделки, назначать старт продаж, привлекать нового сотрудника. Избегайте недовольства заказчиков и клиентов. ",,
Венера,Марс,0,"Благоприятный день для старта физической активности, занятий в спортзале и танцклассе. Можно организовывать свидания, заниматься творчеством, вокалом, handmade, проявлять инициативу, соблазнять и открывать бизнес.",,
Венера,Марс,60,"Благоприятный день для старта физической активности, занятий в спортзале и танцклассе. Можно организовывать свидания, заниматься творчеством, вокалом, handmade, проявлять инициативу, соблазнять и открывать бизнес.",,
Венера,Марс,120,"Благоприятный день для старта физической активности, занятий в спортзале и танцклассе. Можно организовывать свидания, заниматься творчеством, вокалом, handmade, проявлять инициативу, соблазнять и открывать бизнес.",,
Венера,Марс,90,"Неподходящий день для старта бизнеса, взаимодействия с противоположным полом, свадеб, участия в соревнованиях, конкурентной борьбе. Большой соблазн провести день праздно и непродуктивно. ",,
Венера,Марс,180,"Неподходящий день для старта бизнеса, взаимодействия с противоположным полом, свадеб, участия в соревнованиях, конкурентной борьбе. Большой соблазн провести день праздно и непродуктивно. ",,
Венера,Юпитер,0,"Подходящий день для организации праздников, распродаж, акций, марафонов. Можно привлечь внимание покупателей, клиентов, получить прибыль, увеличить выручку, завязать полезные связи. Благоприятно собираться с друзьями, встречаться в кафе, дарить подарки, приобретать сертификаты, абонементы. ",,
Венера,Юпитер,60,"Подходящий день для организации праздников, распродаж, акций, марафонов. Можно привлечь внимание покупателей, клиентов, получить прибыль, увеличить выручку, завязать полезные связи. Благоприятно собираться с друзьями, встречаться в кафе, дарить подарки, приобретать сертификаты, абонементы. ",,
Венера,Юпитер,120,"Подходящий день для организации праздников, распродаж, акций, марафонов. Можно привлечь внимание покупателей, клиентов, получить прибыль, увеличить выручку, завязать полезные связи. Благоприятно собираться с друзьями, встречаться в кафе, дарить подарки, приобретать сертификаты, абонементы. ",,
Венера,Юпитер,90,"Неблагоприятно назначать акции, распродажи, организовывать важные встречи и решать важные деловые вопросы. Сегодня возможны излишние траты на семью, друзей, коллег, сотрудников, клиентов.",,
Венера,Юпитер,180,"Неблагоприятно назначать акции, распродажи, организовывать важные встречи и решать важные деловые вопросы. Сегодня возможны излишние траты на семью, друзей, коллег, сотрудников, клиентов.",,
Венера,Сатурн,0,"Удачный день для получения прибыли, вознаграждения, продажи мебели, имущества, бизнеса. Хорошо начинать отделочные работы, заниматься стройкой. Хороший эффект будут иметь ухаживающие процедуры для волос и кожи.",,
Венера,Сатурн,60,"Удачный день для получения прибыли, вознаграждения, продажи мебели, имущества, бизнеса. Хорошо начинать отделочные работы, заниматься стройкой. Хороший эффект будут иметь ухаживающие процедуры для волос и кожи.",,
Венера,Сатурн,120,"Удачный день для получения прибыли, вознаграждения, продажи мебели, имущества, бизнеса. Хорошо начинать отделочные работы, заниматься стройкой. Хороший эффект будут иметь ухаживающие процедуры для волос и кожи.",,
Венера,Сатурн,90,"Лучше отложить разговор с начальством о повышении зарплаты и проявить разумную экономию. Возможны расходы на лечение зубов, проблемы кожи. Неблагоприятно решать денежные вопросы, оформлять субсидии, закупать производственные мощности. ",,
Венера,Сатурн,180,"Лучше отложить разговор с начальством о повышении зарплаты и проявить разумную экономию. Возможны расходы на лечение зубов, проблемы кожи. Неблагоприятно решать денежные вопросы, оформлять субсидии, закупать производственные мощности. ",,
Венера,Уран,0,"Удачный день, чтобы отправиться в дальнюю поездку, начать серьезное обучение, приобретать путевки, книги, консультации. Можно начать монетизацию своих знаний, расширять сферу влияния, наращивать репутацию, экспертность и привлекать к себе внимание. Будьте готовы к знакомствам в дороге.",,
Венера,Уран,60,"Удачный день, чтобы отправиться в дальнюю поездку, начать серьезное обучение, приобретать путевки, книги, консультации. Можно начать монетизацию своих знаний, расширять сферу влияния, наращивать репутацию, экспертность и привлекать к себе внимание. Будьте готовы к знакомствам в дороге.",,
Венера,Уран,120,"Удачный день, чтобы отправиться в дальнюю поездку, начать серьезное обучение, приобретать путевки, книги, консультации. Можно начать монетизацию своих знаний, расширять сферу влияния, наращивать репутацию, экспертность и привлекать к себе внимание. Будьте готовы к знакомствам в дороге.",,
Венера,Уран,90,"Сегодня не стоит вкладывать большие суммы в обучение, путешествия, бронь отелей и авиабилеты. Поломки техники, транспортные сложности могут повлечь за собой дополнительные расходы. Обсуждение финансов отложите на другой день. ",,
Венера,Уран,180,"Сегодня не стоит вкладывать большие суммы в обучение, путешествия, бронь отелей и авиабилеты. Поломки техники, транспортные сложности могут повлечь за собой дополнительные расходы. Обсуждение финансов отложите на другой день. ",,
Венера,Нептун,0,"Удачный день получить финансирование, решить денежные вопросы, обращаться за кредитом, заемными средствами. Благоприятно заниматься творчеством, устраивать романтический ужин, соблазнять и обольщать. Можно озвучить свои желания и получить подарок.",,
Венера,Нептун,60,"Удачный день получить финансирование, решить денежные вопросы, обращаться за кредитом, заемными средствами. Благоприятно заниматься творчеством, устраивать романтический ужин, соблазнять и обольщать. Можно озвучить свои желания и получить подарок.",,
Венера,Нептун,120,"Удачный день получить финансирование, решить денежные вопросы, обращаться за кредитом, заемными средствами. Благоприятно заниматься творчеством, устраивать романтический ужин, соблазнять и обольщать. Можно озвучить свои желания и получить подарок.",,
Венера,Нептун,90,"День чреват денежными расходами, потерей финансов и убыточными сделками. Лучше отложить решение финансовых вопросов, не давать в долг и беречь кошелек. Избегайте чревоугодия, крупных трат и участия в денежных махинациях.",,
Венера,Нептун,180,"День чреват денежными расходами, потерей финансов и убыточными сделками. Лучше отложить решение финансовых вопросов, не давать в долг и беречь кошелек. Избегайте чревоугодия, крупных трат и участия в денежных махинациях.",,
Венера,Плутон,0,"Удачный день для выстраивания партнерских и личных отношений. Сотрудничество может оказаться взаимовыгодным. День благоприятен для свиданий, совместных мероприятий, брачных торжеств, романтических знакомств. Воспользуйтесь сегодняшним днем, чтобы укрепить отношения, сделать подарок, подписать мировое соглашение.",,
Венера,Плутон,60,"Удачный день для выстраивания партнерских и личных отношений. Сотрудничество может оказаться взаимовыгодным. День благоприятен для свиданий, совместных мероприятий, брачных торжеств, романтических знакомств. Воспользуйтесь сегодняшним днем, чтобы укрепить отношения, сделать подарок, подписать мировое соглашение.",,
Венера,Плутон,120,"Удачный день для выстраивания партнерских и личных отношений. Сотрудничество может оказаться взаимовыгодным. День благоприятен для свиданий, совместных мероприятий, брачных торжеств, романтических знакомств. Воспользуйтесь сегодняшним днем, чтобы укрепить отношения, сделать подарок, подписать мировое соглашение.",,
Венера,Плутон,90,"День повышенных расходов на партнеров, детей, друзей, коллег. Сегодня договориться может быть сложно. Лучше не подписывать деловые договора, отказаться от решения судебных вопросов, избегать финансовых споров и обвинений.",,
Венера,Плутон,180,"День повышенных расходов на партнеров, детей, друзей, коллег. Сегодня договориться может быть сложно. Лучше не подписывать деловые договора, отказаться от решения судебных вопросов, избегать финансовых споров и обвинений.",,
Венера,Эрида,0,"Очень гармоничный день для ухода за кожей, телом, волосами. Можно начать курс массажа, заняться здоровьем, провести день в спа-центре, покупать уходовые средства. Благоприятно украшать дом, улучшать быть, приводить в порядок одежду и обувь.",,
Венера,Эрида,60,"Очень гармоничный день для ухода за кожей, телом, волосами. Можно начать курс массажа, заняться здоровьем, провести день в спа-центре, покупать уходовые средства. Благоприятно украшать дом, улучшать быть, приводить в порядок одежду и обувь.",,
Венера,Эрида,120,"Очень гармоничный день для ухода за кожей, телом, волосами. Можно начать курс массажа, заняться здоровьем, провести день в спа-центре, покупать уходовые средства. Благоприятно украшать дом, улучшать быть, приводить в порядок одежду и обувь.",,
Венера,Эрида,90,"Неблагоприятно питаться некачественной пищей, дешево оценивать свою работу. Возможны расходы на ремонт, лечение, покупку лекарств, БАДов. ",,
Венера,Эрида,180,"Неблагоприятно питаться некачественной пищей, дешево оценивать свою работу. Возможны расходы на ремонт, лечение, покупку лекарств, БАДов. ",,
Марс,Марс,0,"На сегодня лучше не назначать энергозатратные дела. Воздержитесь от интенсивных тренировок, участия в конкурсах, соревнованиях, от открытия нового бизнеса, важного разговора, где нужно быть убедительным. Старайтесь не раздражаться, следите за своим здоровьем и самочувствием.",,
Марс,Марс,60,"Отличный день для инициативы, решительных действий и прорыва. Можно начинать спортивный процесс, открывать бизнес, решаться на перемены. Энергии может быть много, направьте ее на дела, которые вы все время откладывали. Сегодня можно быть смелее в отношениях, брать на себе инициативу.",,
Марс,Марс,120,"Отличный день для инициативы, решительных действий и прорыва. Можно начинать спортивный процесс, открывать бизнес, решаться на перемены. Энергии может быть много, направьте ее на дела, которые вы все время откладывали. Сегодня можно быть смелее в отношениях, брать на себе инициативу.",,
Марс,Марс,90,"Повышенный агрессивный и аварийный фон, не рекомендуется много и часто контактировать с людьми. Возможны провокации извне. Эффективность дня низкая, лучше отложить важные дела на другой день. Неудачный день для новых начинаний. ",,
Марс,Марс,180,"Повышенный агрессивный и аварийный фон, не рекомендуется много и часто контактировать с людьми. Возможны провокации извне. Эффективность дня низкая, лучше отложить важные дела на другой день. Неудачный день для новых начинаний. ",,
Марс,Луна,0,"Благоприятный день для семейных дел, уборки, создания уюта, садовых работ. Воспользуйтесь днем, чтобы начать ремонт, сделать перестановку, прояснить ситуацию с родственниками. Благоприятно создавать семью, обустраивать жилье, признаваться в чувствах. ",,
Марс,Луна,60,"Благоприятный день для семейных дел, уборки, создания уюта, садовых работ. Воспользуйтесь днем, чтобы начать ремонт, сделать перестановку, прояснить ситуацию с родственниками. Благоприятно создавать семью, обустраивать жилье, признаваться в чувствах. ",,
Марс,Луна,120,"Благоприятный день для семейных дел, уборки, создания уюта, садовых работ. Воспользуйтесь днем, чтобы начать ремонт, сделать перестановку, прояснить ситуацию с родственниками. Благоприятно создавать семью, обустраивать жилье, признаваться в чувствах. ",,
Марс,Луна,90,"На сегодня лучше не планировать семейные мероприятия, встречи с родственниками, ремонтные работы - легко поссориться и переругаться. День хорош для осознания своих обид и негативных установок. Настроение может быть нестабильным. Дайте себе возможность выспаться и снизьте тревогу за близких.",,
Марс,Луна,180,"На сегодня лучше не планировать семейные мероприятия, встречи с родственниками, ремонтные работы - легко поссориться и переругаться. День хорош для осознания своих обид и негативных установок. Настроение может быть нестабильным. Дайте себе возможность выспаться и снизьте тревогу за близких.",,
Марс,Солнце,0,"Сегодня благоприятно планировать важные старты, открывать бизнес, участвовать в соревнованиях, демонстрировать свои таланты на работе. Мужчины могут испытывать подъем сил, стремиться к победе, проявлять свои лучшие качества. Женщины могут проявить себя на работе, начать тренировочный процесс, проявить инициативу в отношениях.",,
Марс,Солнце,60,"Сегодня благоприятно планировать важные старты, открывать бизнес, участвовать в соревнованиях, демонстрировать свои таланты на работе. Мужчины могут испытывать подъем сил, стремиться к победе, проявлять свои лучшие качества. Женщины могут проявить себя на работе, начать тренировочный процесс, проявить инициативу в отношениях.",,
Марс,Солнце,120,"Сегодня благоприятно планировать важные старты, открывать бизнес, участвовать в соревнованиях, демонстрировать свои таланты на работе. Мужчины могут испытывать подъем сил, стремиться к победе, проявлять свои лучшие качества. Женщины могут проявить себя на работе, начать тренировочный процесс, проявить инициативу в отношениях.",,
Марс,Солнце,90,"Сегодня возрастает конкурентный фон. Может не хватать уверенности в себе. Избегайте конфликтов и провокаций извне. Дозируйте спортивную нагрузку, берегите здоровье, следите за сердечным ритмом. ",,
Марс,Солнце,180,"Сегодня возрастает конкурентный фон. Может не хватать уверенности в себе. Избегайте конфликтов и провокаций извне. Дозируйте спортивную нагрузку, берегите здоровье, следите за сердечным ритмом. ",,
Марс,Меркурий,0,"Хороший день для встреч, поездок, начала бизнеса, старта проекта. Можно начинать обучение, проходить стажировку, переквалификацию, рассылать резюме, активно вести переписку, совершать обзвоны. Благоприятно совершать пробежки, пешие прогулки.",,
Марс,Меркурий,60,"Хороший день для встреч, поездок, начала бизнеса, старта проекта. Можно начинать обучение, проходить стажировку, переквалификацию, рассылать резюме, активно вести переписку, совершать обзвоны. Благоприятно совершать пробежки, пешие прогулки.",,
Марс,Меркурий,120,"Хороший день для встреч, поездок, начала бизнеса, старта проекта. Можно начинать обучение, проходить стажировку, переквалификацию, рассылать резюме, активно вести переписку, совершать обзвоны. Благоприятно совершать пробежки, пешие прогулки.",,
Марс,Меркурий,90,В течение дня может возникать непонимание с окружающими. Рекомендуется не разжигать споры и не обсуждать триггерные вопросы. Эффективность дня будет снижаться за счет распыления и суеты.,,
Марс,Меркурий,180,В течение дня может возникать непонимание с окружающими. Рекомендуется не разжигать споры и не обсуждать триггерные вопросы. Эффективность дня будет снижаться за счет распыления и суеты.,,
Марс,Венера,0,"Благоприятный период для романтики, сексуальных встреч, свиданий и укрепления отношений. Можно заключать сделки, открывать магазины, запускать собственное производство. Хороший день для решения финансовых вопросов, уколов красоты, массажа, тренировок с весом, танцевальных занятий. ",,
Марс,Венера,60,"Благоприятный период для романтики, сексуальных встреч, свиданий и укрепления отношений. Можно заключать сделки, открывать магазины, запускать собственное производство. Хороший день для решения финансовых вопросов, уколов красоты, массажа, тренировок с весом, танцевальных занятий. ",,
Марс,Венера,120,"Благоприятный период для романтики, сексуальных встреч, свиданий и укрепления отношений. Можно заключать сделки, открывать магазины, запускать собственное производство. Хороший день для решения финансовых вопросов, уколов красоты, массажа, тренировок с весом, танцевальных занятий. ",,
Марс,Венера,90,"Сегодня договориться по деньгам может быть непросто, лучше отложить важные сделки и решения финансовых вопросов. Неблагоприятно делать пластические операции. Воздержитесь от импульсивных расходов, отложите поход в ресторан.",,
Марс,Венера,180,"Сегодня договориться по деньгам может быть непросто, лучше отложить важные сделки и решения финансовых вопросов. Неблагоприятно делать пластические операции. Воздержитесь от импульсивных расходов, отложите поход в ресторан.",,
Марс,Юпитер,0,"Отличный день для групповых тренировок, проведения марафонов, активных развлечений. Благоприятно создавать команду, встречаться с друзьями, организовывать совместные мероприятия, приглашать людей.",,
Марс,Юпитер,60,"Отличный день для групповых тренировок, проведения марафонов, активных развлечений. Благоприятно создавать команду, встречаться с друзьями, организовывать совместные мероприятия, приглашать людей.",,
Марс,Юпитер,120,"Отличный день для групповых тренировок, проведения марафонов, активных развлечений. Благоприятно создавать команду, встречаться с друзьями, организовывать совместные мероприятия, приглашать людей.",,
Марс,Юпитер,90,"Может возникнуть непонимание с друзьями, коллегами, детьми. Лучше ограничить социальное общение, сократить контакты, избегать скопление агрессивнонастроенных людей. Воздержитесь от массовых мероприятий.  ",,
Марс,Юпитер,180,"Может возникнуть непонимание с друзьями, коллегами, детьми. Лучше ограничить социальное общение, сократить контакты, избегать скопление агрессивнонастроенных людей. Воздержитесь от массовых мероприятий.  ",,
Марс,Сатурн,0,"Отличный день, чтобы переделать много дел, продемонстрировать свой профессионализм, качество работы. Можно проявить инициативу, выйти с предложением к руководству. Важно ставить глобальные цели и продумать стратегию их достижения. Действуйте поступательно и методично.",,
Марс,Сатурн,60,"Отличный день, чтобы переделать много дел, продемонстрировать свой профессионализм, качество работы. Можно проявить инициативу, выйти с предложением к руководству. Важно ставить глобальные цели и продумать стратегию их достижения. Действуйте поступательно и методично.",,
Марс,Сатурн,120,"Отличный день, чтобы переделать много дел, продемонстрировать свой профессионализм, качество работы. Можно проявить инициативу, выйти с предложением к руководству. Важно ставить глобальные цели и продумать стратегию их достижения. Действуйте поступательно и методично.",,
Марс,Сатурн,90,"В течение дня повышен риск травм, аварий. Дела могут испытывать пробуксовку. Берегите поясницу, разогревайтесь перед спортом. Лучше отложить решение важных деловых и административных вопросов.",,
Марс,Сатурн,180,"В течение дня повышен риск травм, аварий. Дела могут испытывать пробуксовку. Берегите поясницу, разогревайтесь перед спортом. Лучше отложить решение важных деловых и административных вопросов.",,
Марс,Уран,0,"Хороший день для разгона, для старта активности в соцсетях, для начала путешествий. Можно начинать интенсивное обучение, участвовать в забегах, организовывать марафоны, рекламные кампании, пиар-акции. Усиливается желание познавать, развлекаться, пробовать новое, искать приключения.",,
Марс,Уран,60,"Хороший день для разгона, для старта активности в соцсетях, для начала путешествий. Можно начинать интенсивное обучение, участвовать в забегах, организовывать марафоны, рекламные кампании, пиар-акции. Усиливается желание познавать, развлекаться, пробовать новое, искать приключения.",,
Марс,Уран,120,"Хороший день для разгона, для старта активности в соцсетях, для начала путешествий. Можно начинать интенсивное обучение, участвовать в забегах, организовывать марафоны, рекламные кампании, пиар-акции. Усиливается желание познавать, развлекаться, пробовать новое, искать приключения.",,
Марс,Уран,90,"Будьте внимательны при обращении с огнем, электричеством. Не превышайте скорость за рулем. Воздержитесь от спешки. Выходите из дома заранее, чтобы никуда не опоздать. Берегите технику и гаджеты от поломок.",,
Марс,Уран,180,"Будьте внимательны при обращении с огнем, электричеством. Не превышайте скорость за рулем. Воздержитесь от спешки. Выходите из дома заранее, чтобы никуда не опоздать. Берегите технику и гаджеты от поломок.",,
Марс,Нептун,0,"Благоприятный день, чтобы получить желаемое. Можно рассчитывать на финансовую помощь, решение проблем, поступление денег. Усиливается тяга к удовольствиям, хороший повод, чтобы организовать свидание, начать роман. Возрастает сексуальность и притягательность.",,
Марс,Нептун,60,"Благоприятный день, чтобы получить желаемое. Можно рассчитывать на финансовую помощь, решение проблем, поступление денег. Усиливается тяга к удовольствиям, хороший повод, чтобы организовать свидание, начать роман. Возрастает сексуальность и притягательность.",,
Марс,Нептун,120,"Благоприятный день, чтобы получить желаемое. Можно рассчитывать на финансовую помощь, решение проблем, поступление денег. Усиливается тяга к удовольствиям, хороший повод, чтобы организовать свидание, начать роман. Возрастает сексуальность и притягательность.",,
Марс,Нептун,90,"Воздержитесь от злоупотребления алкоголем, откажитесь от нечестных финансовых схем, спекуляций, вредных привычек. Откажитесь от конкурентной борьбы - можно потерять свои позиции. Это неудачный день для бизнес-сражений. Ослабление иммунитета, болезненность, денежные расходы.",,
Марс,Нептун,180,"Воздержитесь от злоупотребления алкоголем, откажитесь от нечестных финансовых схем, спекуляций, вредных привычек. Откажитесь от конкурентной борьбы - можно потерять свои позиции. Это неудачный день для бизнес-сражений. Ослабление иммунитета, болезненность, денежные расходы.",,
Марс,Плутон,0,"Благоприятный день для прорыва, спортивных подвигов, решения наболевших проблем. Сегодня можно объединить усилия, заключить мировую, выступить одним фронтом. Хороший период для партнерства, делового и личного. Можно начинать бизнес, вступать в брак.",,
Марс,Плутон,60,"Благоприятный день для прорыва, спортивных подвигов, решения наболевших проблем. Сегодня можно объединить усилия, заключить мировую, выступить одним фронтом. Хороший период для партнерства, делового и личного. Можно начинать бизнес, вступать в брак.",,
Марс,Плутон,120,"Благоприятный день для прорыва, спортивных подвигов, решения наболевших проблем. Сегодня можно объединить усилия, заключить мировую, выступить одним фронтом. Хороший период для партнерства, делового и личного. Можно начинать бизнес, вступать в брак.",,
Марс,Плутон,90,День с повышенным конфликтным фоном. Рекомендуется свести к минимуму все деловые и личные контакты. Воздержитесь от споров и выяснения отношений. ,,
Марс,Плутон,180,День с повышенным конфликтным фоном. Рекомендуется свести к минимуму все деловые и личные контакты. Воздержитесь от споров и выяснения отношений. ,,
Марс,Эрида,0,"Подходящий день для операций, хирургических вмешательств, уколов красоты, инъекций. Можно заниматься ремонтом техники, наводить порядок в хозяйстве, приглашать мастеров, браться за новый проект. Благоприятно выходить на новую работу, интенсивно решать задачи, переделать много дел.",,
Марс,Эрида,60,"Подходящий день для операций, хирургических вмешательств, уколов красоты, инъекций. Можно заниматься ремонтом техники, наводить порядок в хозяйстве, приглашать мастеров, браться за новый проект. Благоприятно выходить на новую работу, интенсивно решать задачи, переделать много дел.",,
Марс,Эрида,120,"Подходящий день для операций, хирургических вмешательств, уколов красоты, инъекций. Можно заниматься ремонтом техники, наводить порядок в хозяйстве, приглашать мастеров, браться за новый проект. Благоприятно выходить на новую работу, интенсивно решать задачи, переделать много дел.",,
Марс,Эрида,90,"Неудачный день для запуска бизнес-процессов, выхода на новую работу. Повышается критичность и требовательность. Возможно ухудшение самочувствия, не запускайте болезнь, уделите внимание здоровью. ",,
Марс,Эрида,180,"Неудачный день для запуска бизнес-процессов, выхода на новую работу. Повышается критичность и требовательность. Возможно ухудшение самочувствия, не запускайте болезнь, уделите внимание здоровью. ",,
